1,adult,backdrop_path,genre_ids,id,original_language,original_title,overview,popularity,poster_path,release_date,title,video,vote_average,vote_count
0,False,/iPnH51khswDrYij6XIBHKlAznW.jpg,"[12, 28, 878]",11,en,Star Wars,Princess Leia is captured and held hostage by the evil Imperial forces in their effort to take over the galactic Empire. Venturesome Luke Skywalker and dashing captain Han Solo team together with the loveable robot duo R2-D2 and C-3PO to rescue the beautiful princess and restore peace and justice in the Empire.,82.349,/6FfCtAuVAW8XJjZ7eWeLibRLWTw.jpg,1977-05-25,Star Wars,False,8.2,16456
1,False,/f53Jujiap580mgfefID0T0g2e17.jpg,"[10751, 16, 878, 35]",857702,en,LEGO Star Wars Terrifying Tales,"Poe Dameron and BB-8 must face the greedy crime boss Graballa the Hutt, who has purchased Darth Vader’s castle and is renovating it into the galaxy’s first all-inclusive Sith-inspired luxury hotel.",125.645,/fYiaBZDjyXjvlY6EDZMAxIhBO1I.jpg,2021-10-01,LEGO Star Wars Terrifying Tales,False,6.8,113
2,False,/k6EOrckWFuz7I4z4wiRwz8zsj4H.jpg,"[28, 12, 878, 14]",140607,en,Star Wars: The Force Awakens,"Thirty years after defeating the Galactic Empire, Han Solo and his allies face a new threat from the evil Kylo Ren and his army of Stormtroopers.",78.569,/wqnLdwVXoBjKibFRR5U3y0aDUhs.jpg,2015-12-15,Star Wars: The Force Awakens,False,7.3,16502
3,False,/epVMXf10WqFkONzKR8V76Ypj5Y3.jpg,"[878, 28, 12]",181808,en,Star Wars: The Last Jedi,"Rey develops her newly discovered abilities with the guidance of Luke Skywalker, who is unsettled by the strength of her powers. Meanwhile, the Resistance prepares to do battle with the First Order.",73.022,/kOVEVeg59E0wsnXmF9nrh6OmWII.jpg,2017-12-13,Star Wars: The Last Jedi,False,6.9,12550
4,False,/SPkEiZGxq5aHWQ2Zw7AITwSEo2.jpg,"[28, 12, 878]",181812,en,Star Wars: The Rise of Skywalker,"The surviving Resistance faces the First Order once again as the journey of Rey, Finn and Poe Dameron continues. With the power and knowledge of generations behind them, the final battle begins.",72.88,/db32LaOibwEliAmSL2jjDF6oDdj.jpg,2019-12-18,Star Wars: The Rise of Skywalker,False,6.5,7353
5,False,/x27wDu2yYCMQeLpup1CDY2CtL9t.jpg,"[878, 12, 28]",348350,en,Solo: A Star Wars Story,"Through a series of daring escapades deep within a dark and dangerous criminal underworld, Han Solo meets his mighty future copilot Chewbacca and encounters the notorious gambler Lando Calrissian.",49.164,/4oD6VEccFkorEBTEDXtpLAaz0Rl.jpg,2018-05-15,Solo: A Star Wars Story,False,6.6,6734
6,False,/6t8ES1d12OzWyCGxBeDYLHoaDrT.jpg,"[28, 12, 878]",330459,en,Rogue One: A Star Wars Story,A rogue band of resistance fighters unite for a mission to steal the Death Star plans and bring a new hope to the galaxy.,46.835,/i0yw1mFbB7sNGHCs7EXZPzFkdA1.jpg,2016-12-14,Rogue One: A Star Wars Story,False,7.5,12711
7,False,/uK15I3sGd8AudO9z6J6vi0HH1UU.jpg,"[16, 28, 878, 12]",12180,en,Star Wars: The Clone Wars,"Set between Episode II and III, The Clone Wars is the first computer animated Star Wars film. Anakin and Obi Wan must find out who kidnapped Jabba the Hutt's son and return him safely. The Seperatists will try anything to stop them and ruin any chance of a diplomatic agreement between the Hutts and the Republic.",34.433,/ywRtBu88SLAkNxD0GFib6qsFkBK.jpg,2008-08-05,Star Wars: The Clone Wars,False,6.1,1483
8,False,,[],914573,en,Star Wars: Wrath of the Mandalorian,"Years after the Clone Wars end, Darth Vader sends bounty hunter Boba Fett to Kashyyyk to track down the last of the Jedi. Fett, motivated by revenge for his father's death, proves effective - but he soon finds out a terrible truth about Vader while on the hunt that gives him a change of heart.",57.067,/ksil1FjB7AfNk34LAti0636pyTd.jpg,,Star Wars: Wrath of the Mandalorian,False,8.0,1
9,False,/8MynmjcKSvGdcxjVwsx3TWwOTBa.jpg,"[12, 28, 878]",1893,en,Star Wars: Episode I - The Phantom Menace,"Anakin Skywalker, a young slave strong with the Force, is discovered on Tatooine. Meanwhile, the evil Sith have returned, enacting their plot for revenge against the Jedi.",38.892,/6wkfovpn7Eq8dYNKaG5PY3q2oq6.jpg,1999-05-19,Star Wars: Episode I - The Phantom Menace,False,6.5,11690
10,False,/1Lhc32P0a62BgMFgd20wXR1osR3.jpg,"[16, 10751, 12, 35, 878]",732670,en,The Lego Star Wars Holiday Special,"As her friends prep for a Life Day holiday celebration, Rey journeys with BB-8 on a quest to gain a deeper knowledge of the Force at a mysterious Jedi Temple. There, she embarks on a cross-timeline adventure through beloved moments in Star Wars history, coming into contact with iconic heroes and villains from all eras of the saga. But will she make it back in time for the Life Day feast?",29.146,/zyzJSI7UZZzz5Toj10rYGF5689z.jpg,2020-11-17,The Lego Star Wars Holiday Special,False,6.7,210
11,False,/uNjBnOmdjZoiWTLQ938YJZ1cYVU.jpg,"[16, 35, 10751, 878, 12, 10770]",392216,en,Phineas and Ferb: Star Wars,Phineas and Ferb become the galaxy's unlikeliest last hope when they must return the Death Star plans to the Rebel Alliance.,13.195,/xomphpz7MIasqVluPX83TjoTL8G.jpg,2014-07-26,Phineas and Ferb: Star Wars,False,7.0,130
12,False,/7J6iJrsXz5PpkTzNfLWM73u6EAy.jpg,"[878, 12, 28]",1895,en,Star Wars: Episode III - Revenge of the Sith,The evil Darth Sidious enacts his final plan for unlimited power -- and the heroic Jedi Anakin Skywalker must choose a side.,34.201,/xfSAoBEm9MNBjmlNcDYLvLSMlnq.jpg,2005-05-17,Star Wars: Episode III - Revenge of the Sith,False,7.4,10953
13,False,/c8XIFuJCPTtTJdSRpqnUoMr6eK1.jpg,[878],667574,en,Battle Star Wars,"When the leader of the evil Coalition threatens to destroy a Rebel planet for its resources, his daughter will have no choice but to join the Rebel side and fight for what is right.",10.763,/ocA0ECiFoB4d1HITyEDQlLk7x84.jpg,2020-01-28,Battle Star Wars,False,5.3,28
14,False,/pXnNSeyTCUebjpHTiZt7v6FZId0.jpg,"[12, 28, 878]",1894,en,Star Wars: Episode II - Attack of the Clones,"Following an assassination attempt on Senator Padmé Amidala, Jedi Knights Anakin Skywalker and Obi-Wan Kenobi investigate a mysterious plot that could change the galaxy forever.",32.075,/oZNPzxqM2s5DyVWab09NTQScDQt.jpg,2002-05-15,Star Wars: Episode II - Attack of the Clones,False,6.5,10562
15,False,,"[16, 35, 878]",42979,en,Robot Chicken: Star Wars,"A series of 30 sketches, following the hilarious antics of various characters from a galaxy, far, far away.",13.59,/h44WN4mVJ6wEpJgLaaNoFjv0NAo.jpg,2007-07-17,Robot Chicken: Star Wars,False,7.2,185
16,False,,[99],435365,en,The Story of Star Wars,"The Skywalker family is at the heart of the Star Wars saga. Now hear the inside story of Luke and Anakin Skywalker from the characters who witnessed it all: the famous droid duo C-3PO and R2-D2. Episodes IV,V and VI are explored in ""The Story of Luke Skywalker,"" which follows the young man escaping from his daily chores on Tatooine to his becoming a hero in the Rebal Alliance. In ""The Story of Anakin Skywalker,"" you'll go behind the mask of the greatest Star Wars villain and discover how Darth Vader started life as a young Podracing Champ on Tatooine and later became a headstrong young Jedi seduced by the Dark Side of the Force. With clips from the Star Wars films, C-3PO and R2-D2 take you on an hour-long journey through the saga and prepare you for the explosive final chapter: Star Wars: Episode III Revenge of the Sith.",14.907,/fvw9W7ds0Q51hQIbS7JoUBqL3tK.jpg,2004-08-18,The Story of Star Wars,False,7.6,13
17,False,/ae9xlnkS2qb5Dy9Mtlu68AWh42O.jpg,"[12, 35, 10751, 878, 10770]",74849,en,The Star Wars Holiday Special,"Luke Skywalker and Han Solo battle evil Imperial forces to help Chewbacca reach his imperiled family on the Wookiee planet - in time for Life Day, their most important day of the year!",13.715,/1TY4OAkcHRovlHDxSLW7UDJlild.jpg,1978-12-01,The Star Wars Holiday Special,False,3.3,337
18,False,,[99],378386,en,Star Wars: Greatest Moments,Alex Zane counts down the top 20 Star Wars moments as voted by the public. Includes contributions from famous fans as well as the stars and crew of the intergalactic saga.,8.299,/zIffPwISrW48qSmvAXEV27lBTMA.jpg,2015-12-26,Star Wars: Greatest Moments,False,6.4,23
19,False,/5lERsrmxhb6ggGQZDHe05qeNCnD.jpg,"[12, 16, 28, 878, 10770, 10751]",287663,en,Star Wars Rebels: Spark of Rebellion,Ezra Bridger encounters the Ghost crew and joins them on a mission to free Wookiees from an Imperial Star Destroyer.,11.952,/ApPuHAhH4wYGb4YCLChJYQvHUEF.jpg,2014-10-03,Star Wars Rebels: Spark of Rebellion,False,7.3,100
0,False,,[99],81418,en,Star Wars: Deleted Magic,"This is a very interesting Star Wars documentary about the making of the first Star Wars film (and to a lesser extent Empire and Jedi) including a look at some of the deleted scenes, behind the scenes footage, and notes on subtle things that you might have never seen or noticed before.",6.218,/dhTb1CYXdfxMT2RAPCeFAvfmWiT.jpg,2005-03-01,Star Wars: Deleted Magic,False,7.5,14
1,False,,"[35, 878, 16]",51888,en,Robot Chicken: Star Wars Episode III,"Robot Chicken: Star Wars Episode III, directed by Chris McKay, combines the satirical sensibilities of Green and Matthew Senreich's Robot Chicken with characters of the Star Wars universe.",9.832,/mi2lVho2zpfwcxI6yC1QYJi435D.jpg,2010-12-19,Robot Chicken: Star Wars Episode III,False,7.5,109
2,False,/hVl0qfLZ5loznDgQ0HxCTZqvZhz.jpg,"[10751, 16, 878, 35, 12, 18]",70608,en,LEGO Star Wars: The Padawan Menace,"Master Yoda must go retrieve secret battle plans. However, things become a little more complicated when a class of younglings join the mission.",8.606,/lcAA36kzOahKXVwWeJLaepMr58M.jpg,2011-07-22,LEGO Star Wars: The Padawan Menace,False,6.4,103
3,False,,"[878, 16, 35]",42982,en,Robot Chicken: Star Wars Episode II,"Seth Green and Matthew Senreich serve up more hilarious Star Wars-inspired satire in this second compilation of sketches featuring the zany stop-motion animation of Adult Swim's ""Robot Chicken."" Gary the stormtrooper deals with irascible boss Darth Vader on Take Your Daughter to Work Day, while Anakin babysits a certain up-and-coming Jedi. Carrie Fisher, Billy Dee Williams, Conan O'Brien and other stars provide voices.",8.329,/15L0z57jELdzynqcbWq0fFFou48.jpg,2008-11-16,Robot Chicken: Star Wars Episode II,False,7.5,103
4,False,/aUxPyo0Olrr6qs33fKkjbX2piYk.jpg,[35],515773,en,Star Wars Spoofs,"The farce is strong with this one! Enjoy a hilarious collection of Star Wars movie scene spoofs and parodies that have been created over the years, including outrageous clips from Family Guy, The Simpsons, How I Met Your Mother, and more - and don't miss ""Weird Al"" Yankovic's one-of-a-kind music video tribute to The Phantom Menace!",4.745,/ApEnrioR2GrkyWVXCrIzDMtgk9b.jpg,2011-01-01,Star Wars Spoofs,False,7.2,9
5,False,/1Hhp0ys20V6I73Ph0MyhcDX2KOX.jpg,[99],128295,en,Star Wars: The Legacy Revealed,Film-makers and academics discuss the use of mythology in Star Wars and the impact of the films on society,6.053,/dFvudLgvS0Upn2X6wPBRnntXCBy.jpg,2007-05-28,Star Wars: The Legacy Revealed,False,7.1,33
6,False,/oxWdpHHrdGaB3ZK4JpBnEQ8msrp.jpg,"[99, 10770]",72694,en,The Making of Star Wars,"Learn the incredible behind-the-scenes story of how the original Star Wars  movie was brought to the big screen in this fascinating documentary hosted by C-3PO and R2-D2 which includes interviews with George Lucas and appearances by Mark Hamill, Harrison Ford and Carrie Fisher.",6.367,/SUuNG1l918uBNMZZRDrUQMvwzt.jpg,1977-09-16,The Making of Star Wars,False,7.2,29
7,False,/35JfUNTaFELC9iMoLTaLeGlok4V.jpg,[10402],72448,en,Star Wars: In Concert,"Star Wars: In Concert, originally called Star Wars: A Musical Journey, was a worldwide series of concerts featuring specially edited footage from all six of the Star Wars films (on the world's largest LED screen) set to live performances of John Williams' Star Wars score. The first performance took place in the O2 Arena in London, England. It was attended by 20,000 fans. The North American concerts started in Anaheim, California on October 1, 2009. The concerts were narrated by Anthony Daniels and conducted by Dirk Brosse. The concert took the audience through the Star Wars story line starting with Star Wars: Episode I The Phantom Menace and ending with Star Wars: Episode VI Return of the Jedi. The concert toured throughout the world extensively in 2009 and 2010, with an announced two-date engagement (June 3 and 4, 2011) at the Hollywood Bowl in 2011.",4.677,/z9YDGgR5p34ODJj3N4uY7bHKU1.jpg,2005-05-03,Star Wars: In Concert,False,7.2,15
8,False,,"[12, 16, 878, 28]",337755,en,Star Wars Rebels: The Siege of Lothal,The Ghost crew and their allies face Darth Vader for the first time and Ahsoka Tano discovers the true identity of Darth Vader.,8.387,/pxMAPq5R7o3zQh5DmJ76cW5vVIu.jpg,2015-04-18,Star Wars Rebels: The Siege of Lothal,False,8.2,53
9,False,,"[878, 14]",760801,en,Untitled Star Wars Film,,4.292,/fGCNMXdNfHxW0QIhAlIMCtnVw6Z.jpg,2027-12-17,Untitled Star Wars Film,False,0.0,0
10,False,,[99],436621,fr,Star Wars : L'incroyable Légende,,4.02,/nsZIPT5pyvXHftO8bH4o7LU8Vch.jpg,2015-11-25,Star Wars : L'incroyable Légende,False,7.3,4
11,False,/puuJM5KzLAqxp88erpHRw0fVZx8.jpg,[99],76180,en,Empire of Dreams: The Story of the Star Wars Trilogy,"From the earliest versions of the script to the blockbuster debuts, explore the creation of the Star Wars Trilogy.",12.961,/xq0MPT1lLxfznTRaAbInxWT2wfh.jpg,2004-09-12,Empire of Dreams: The Story of the Star Wars Trilogy,False,7.8,135
12,False,,[99],154452,en,Star Wars Tech,"Exploring the technical aspects of Star Wars vehicles, weapons and gadgetry, Star Wars Tech consults leading scientists in the fields of physics, prosthetics, lasers, engineering and astronomy to examine the plausibility of Star Wars technology based on science as we know it today.",3.067,/z5rTBu5RMfR0RRqsNSqIHBnQPbN.jpg,2007-05-28,Star Wars Tech,False,8.1,5
13,False,/7rZrvtpQTrA9B1nqoHNGjsp8j8i.jpg,"[878, 99]",825647,en,Star Wars Biomes,"Take a virtual vacation to some of the Star Wars films’ most iconic and beloved locations like Hoth, Tatooine, and Sorgan, as this charming series whisks you off for fly-through tours of the Galaxy Far, Far Away.",2.787,/8I69ReO2IZtcpXnzZpKeswpPI33.jpg,2021-05-04,Star Wars Biomes,False,6.6,20
14,False,,"[16, 28, 12]",184902,en,Star Wars: The Clone Wars - Darth Maul Returns,"After Dathomir falls prey to a merciless attack by General Grievous, Asajj Ventress survives to join a bounty hunter clan led by a young Boba Fett. Meanwhile, the dark warrior Savage Opress returns to his creator, the witch Mother Talzin, who gives him a sinister mission: to search the galaxy for his brother, Sith Apprentice Darth Maul. Believed dead for over a decade after falling to the sword of then Jedi Apprentice Obi-Wan Kenobi, Darth Maul is nearly unrecognizable, residing in the bowels of a ruined planet and fueled by hatred. Savage Opress delivers the shattered Maul to Mother Talzin to restore his former powers, and the brothers vow an oath of vengeance against Obi-Wan Kenobi.",7.458,/mOtQgGmdNxouIiMLIPUzIe94UbZ.jpg,2012-09-11,Star Wars: The Clone Wars - Darth Maul Returns,True,7.5,17
15,False,/aM1dP91YFVPsgq1WG8vMwip9zLe.jpg,"[10751, 878, 16, 35, 12]",136406,en,LEGO Star Wars: The Empire Strikes Out,"Luke Skywalker embarks on a mission to destroy an Imperial base, but is relentlessly chased by a group of fanatic girls who think of him as a celebrity. Meanwhile, Darth Vader engages a rivalry with Darth Maul, in order to prove that he's the best Sith Lord.",6.336,/doeFDzZ0Ywp8YUoRaEhVE5UBqka.jpg,2012-09-24,LEGO Star Wars: The Empire Strikes Out,False,6.5,62
16,False,/zMkJR6l0V4StABxqNzSLR6cZhTd.jpg,"[878, 35]",567097,es,Star Wars: Goretech,"The imperial forces of Lord Quimio capture princess Felelia and steal a big cargo of vital force for the rebellion. Obi Wan Quequena, warned by the princess, starts gathering a group of brave people to recover the force, save the princess and end the empire that strikes the galaxy.",2.607,/cDYtrX0r80OdhzT78dZaUUunioT.jpg,2018-12-07,Star Wars: Goretech,False,5.0,2
17,False,,"[99, 10770]",358536,en,When Star Wars Ruled the World,A VH1 television special wherein the cast discuss the making of the films and what made the franchise a phenomenon.,5.89,/qj2xUorXu1pxhXAFyNooGTlqAlT.jpg,2004-09-18,When Star Wars Ruled the World,False,8.5,5
18,False,,"[28, 12, 16, 878, 10770]",418363,en,Star Wars Rebels: Steps Into Shadow,"Ezra, having grown in power, leads a mission to break the crew's old friend Hondo Ohnaka out of prison. Meanwhile, Grand Admiral Thrawn -- a master Imperial strategist -- has vowed to dismantle and destroy the growing rebellion.",5.049,/zJzTpfdmPVKdZtoAjJqQlLPTZea.jpg,2016-07-16,Star Wars Rebels: Steps Into Shadow,False,8.1,28
19,False,,"[878, 16]",796168,en,Star Wars Rebels: Entanglement,"In “Entanglement,” a special Star Wars Rebels short, Zeb fails to meet with Kanan at a specified rendezvous point…and instead finds himself joyfully battling many, many stormtroopers.",2.071,/93LSkSWsEP6ppPytZn3V2DO93lj.jpg,2014-08-25,Star Wars Rebels: Entanglement,False,0.0,0
0,False,,[99],486000,en,The Characters of Star Wars,"The Characters of Star Wars is a Video Documentary included in the 2004 DVD release of the Star Wars Original Trilogy. It explained the Mythos of many of the ""Star Wars"" Characters.",3.023,/kCo4AowrEKh4lZBCtgGNrGXPNli.jpg,2004-09-21,The Characters of Star Wars,False,6.6,8
1,False,/aLdrVW80OrNQWxiqlU3N2dZJK8X.jpg,[99],624371,en,Star Wars: Galaxy's Edge - Adventure Awaits,An exclusive behind-the-scenes look at the new lands at Walt Disney World Resort in Florida and Disneyland Resort in Southern California.,3.59,/8YONsxklf7y2fnx8mOjNeWTgfPD.jpg,2019-09-29,Star Wars: Galaxy's Edge - Adventure Awaits,False,7.0,4
2,False,/jTB8BKStGgIktED2yVMA6U6mppl.jpg,"[10751, 16, 878, 35]",79158,en,LEGO Star Wars: Bombad Bounty,"Darth Vader hires Boba Fett to track down Jar Jar Binks, who has caused a lot of trouble for Vader. This leads Binks and Fett on a game of cat-and-mouse like never seen before.",2.72,/r088BCbLiSxccTHXxIZBZ5olRvM.jpg,2010-11-27,LEGO Star Wars: Bombad Bounty,False,5.8,21
3,False,,"[16, 878, 28]",914212,en,Star Wars: Clone Wars - Volume One,"Jedi Knight Obi-Wan Kenobi leads an assault on the planet Muunilinst, home of the Intergalactic Banking Clan, benefactors of the Separatists wishing to break away from the Republic. His apprentice, Anakin Skywalker, is personally appointed to lead the space forces by Supreme Chancellor Palpatine. Meanwhile, Separatist leader Count Dooku takes in the Force-sensitive Asajj Ventress as his Sith apprentice and sends her to eliminate Anakin.  Seasons 1 and 2 of the Clone Wars microseries edited together into a feature length animated film!",2.65,/aDWiLnxdZp1OpHQCiac01EfOx7k.jpg,2005-03-22,Star Wars: Clone Wars - Volume One,False,0.0,0
4,False,,[99],372906,en,The Definitive History of Star Wars,"Documentary taking a behind-the-scenes look at how the world's biggest, multi-billion pound movie series came into existence. Featuring rare interviews with Star Wars producers Gary Kurtz and Robert Watts and insights from those members of the creative team who won Oscars making the visual effects. Plus, a few little-known and surprising facts surrounding the film franchise",2.96,,2015-12-11,The Definitive History of Star Wars,False,7.5,3
5,False,/tMZKHUJOB1QhRe6xHwK1OAq5sJL.jpg,[],465886,en,Star Wars Rebels: Art Attack,Sabine sneaks into an Imperial compound to create an artful diversion for her friends aboard the Ghost.,2.227,/1SsCBdiFSJb1WZpAZCEvUzEmtzi.jpg,2014-08-18,Star Wars Rebels: Art Attack,False,6.4,9
6,False,,[99],432134,en,Star Wars: Heroes & Villains,"A look at the creation and filming of the various heroes and villains from all six Star Wars movies, leading up to the release of Star Wars: Episode III - Revenge of the Sith.",1.176,,2005-05-03,Star Wars: Heroes & Villains,False,9.7,3
7,False,,"[10751, 16, 878]",81233,en,LEGO Star Wars: The Quest for R2-D2,"When R2-D2 gets lost in space, Anakin Skywalker and his apprentice Ahsoka Tano set off on a mission to find their droid pal.",2.772,/pfI6dMB5aplRYe7vSniDznnFWUx.jpg,2009-06-27,LEGO Star Wars: The Quest for R2-D2,False,5.5,24
8,False,,"[878, 16, 10751, 10770]",248931,en,Star Wars: Droids - The Great Heep,"C-3PO and R2-D2 are on their way to Biitu to meet their new master, Mungo Baobab, when their ship is attacked and they are taken prisoner. Biitu has been taken over by the giant mechanical Great Heep who works with the Empire, enslaving the natives by using droid enforcers and draining R2 units to keep up his strength. Meanwhile Mungo has been imprisoned to be handed over to his arch enemy Admiral Screed.",2.127,/qFCpFFa8EzzUJFq8mmrM4jTQ7Bb.jpg,1986-06-07,Star Wars: Droids - The Great Heep,False,7.4,8
9,False,,[],889016,fr,The Star Wars Stories,,1.96,,,The Star Wars Stories,False,0.0,0
10,False,,[35],432052,en,Saving Star Wars,Two Star Wars fans venture to deliver a letter to George Lucas.,1.468,,2004-06-09,Saving Star Wars,False,10.0,1
11,False,,"[878, 16, 12, 10751]",207950,en,Star Wars: Droids - Treasure of the Hidden Planet,"Mungo Baobab and his droids, Threepio and Artoo, are trailing the Rainbow comets of Manda in search of the fabled Roon system. Before they get there, they make an enemy out of the greedy Governor Koong. On Roon, they meet Auren Yomm and join her Umbo racing team in the Roon Games. Mungo takes up his old uncle Ogger's quest of finding the source of the valuable Roonstones. Meanwhile, Koong uses germ warfare against the rebellious province of Umboo and it becomes a race against time to find a cure for the Rooze infection. Written by Il Tesoro",3.13,/uSv5RT8NScJ7Doy2pZhXiAmXNDR.jpg,2004-11-30,Star Wars: Droids - Treasure of the Hidden Planet,True,5.5,5
12,False,,"[28, 12, 878]",917703,en,Star Wars - Die Dunkelheit kehrt zurück,Two boys wake up on a strange planet not knowing where they are and only partly knowing who they are.,1.475,/68NwRqnfQjo7gJudv3MI2MDrO9p.jpg,2018-10-11,Star Wars - The Darkness Returned,False,4.0,1
13,False,/pmKhN5SsjI67OMbyMS4zaalGkk1.jpg,"[10751, 14, 878, 16]",81234,en,LEGO Star Wars: Revenge of The Brick,"Anakin Skywalker and Obi-Wan Kenobi attempt to stop the Separatists from invading Kashyyyk. Meanwhile, Master Yoda must defeat an evil army of droids.",2.897,/wi5IvbMRGD8fko6vv58NrogdJdd.jpg,2005-08-05,LEGO Star Wars: Revenge of The Brick,False,6.6,20
14,False,/1dzQeKE3COKrvBs6Q2heIKP4cmT.jpg,[99],253150,en,Plastic Galaxy: The Story of Star Wars Toys,"Plastic Galaxy explores the ground breaking and breathtaking world of 'Star Wars' toys. Through interviews with former Kenner employees, experts, authors, and collectors, the documentary looks at the toys' history, influence, and the passions they elicit today.",4.266,/uJxlQhzz9gYDUvHJ6qaTc166JuZ.jpg,2014-01-14,Plastic Galaxy: The Story of Star Wars Toys,False,6.8,22
15,False,,[],921334,en,Star Wars: SC 38 Reimagined,"""Scene 38 ReImagined"" is about the final confrontation between Ben Kenobi & Darth Vader in ""A New Hope"" nearly 20 years after the events of ""Revenge Of The Sith.""  This is a one-off story driven scene reflecting the characters in its chronological order from the point of Revenge of the Sith through Rebels, Rogue One, and all canon material leading to A New Hope.",1.96,/pNw8okZgCIkG3NtPbQZtJUJdaF6.jpg,2019-05-08,Star Wars: SC 38 Reimagined,False,0.0,0
16,False,,[878],432038,en,Star Wars Downunder,"The film tells the story of a lone Jedi: Merve Bushwacker, returning home after a long absence. His mission? To partake in a refreshing beverage, known locally as amber fluid. On his arrival, he is dismayed to discover the planet has become as dry as a dead dingo′s donger, thanks to the tyrannical rule of Darth Drongo. Drongo has hoarded all the amber fluid in his impenetrable fortress “Dunny’s Deep” for reasons unknown. Can Merve, and a motley collection of unlikely allies band together to topple Drongo’s evil regime? Will liberty and amber fluid flow freely once more?",1.098,/pj3XjbPvQQRVGvcWsGx0jcFZVIA.jpg,2013-11-18,Star Wars Downunder,False,4.3,4
17,False,,"[99, 878]",277499,en,From Star Wars to Star Wars: The Story of Industrial Light & Magic,"The incredible evolution of George Lucas' special effects dream factory, including an inside look at ""Star Wars: Episode One - The Phantom Menace.""",1.855,,1999-06-15,From Star Wars to Star Wars: The Story of Industrial Light & Magic,False,8.0,2
18,False,,"[878, 16, 12, 10751]",207949,en,Star Wars Droids: The Pirates and the Prince,"Artoo, Threepio and a broken down android are traded into the hands of young miner Jann Tosh. The android turns out to be an alien with amnesia and a price on his head. It is in fact Mon Julpa, prince of Tammuz-an, who has been put in this predicament by the power hungry vizier Zatec-Cha. Jann, the droids, and a female freight pilot named Jessica Meade help Julpa claim his throne, battle the Pirates of Tarnoonga and settle a dispute with Tammuz-an clan leader Lord Toda. Written by Il Tesoro",2.083,/aINuYj29hEy0AhQvlA2HfMkWG06.jpg,1997-10-26,Star Wars Droids: The Pirates and the Prince,True,4.0,1
19,False,,[],778586,en,WCCW Christmas Star Wars '82,"Kerry Von Erich faces Ric Flair in a bloody Steel Cage Match with Michael ""P.S"" Hayes as referee with the NWA World's Heavyweight Championship hanging in the balance!",1.376,,1982-12-25,WCCW Christmas Star Wars '82,True,0.0,0
0,False,,"[12, 28, 878]",879236,en,Star Wars Wars,"The six Star Wars films playing at the same time. The films are synchronized to the very first frame of the main title, STAR WARS, as to not allow the varying lengths and start times of the 20th Century Fox logo to influence possible narrative outcomes in the films. Visually the films were layered into Adobe After Effects at 100% opacity. The blending mode ""Lighter Color"" was chosen because its blending properties operated the same no mater what the layer order was. It was important to me that each film had equal opportunity. The ""Lighter Color"" blending mode gives preference to brighter pixels, therefore brighter scenes obliterate darker scenes.",0.926,/nULCrA6l8AYWGzWc6DHN2kSOMZu.jpg,2015-06-16,Star Wars Wars,False,0.0,0
1,False,/3t1CxhG0P3H2kv866Vgh1ETUwKi.jpg,[99],501244,fr,Star wars 40 ans,,0.963,/oMMkmBbwgjbOpPLuIZnNsBAfyUs.jpg,2017-10-19,Star wars 40 ans,False,6.8,2
2,False,,"[10751, 16]",292404,en,Star Wars: Ewoks - The Haunted Village,"Morag the Tulga Witch seeks revenge on her old enemy Logray, shaman of the Ewoks, who holds the magic Sunstar while she possesses it's darker half, the Shadowstone.",1.303,/v6k8pHBvG15UYWhcsjb2aeGvWYY.jpg,1997-02-11,Star Wars: Ewoks - The Haunted Village,False,0.0,0
3,False,,"[99, 35]",521298,en,Star Wars Nothing But Star Wars,"The STAR WARS NOTHING BUT STAR WARS video mixtape is the ultimate feature-length comedy compilation documenting the last 40 years of the the Star Wars phenomenon and comprised entirely of unseen, lost, forgotten and is-this-real-or-am-I-dreaming archival Original Trilogy video madness.  Featuring Star Wars ripoffs, Star Wars TV specials, Star Wars commercials, Star Wars interviews and even shameless Star Wars pornography [rated R].  It’s Star Wars gone wild, gone weird and gone wrong, and there’s nothing else like it.  C-3PO rapping?  It’s here. Mark Hamill turns into a homicidal maniac?  Yep, we got it.  Jabba the Hutt Italo disco? Check. Tusken Raider Voyeur Pornography? Oh yeah, and lots of it. You’ve never seen Star Wars like this and you’ll never see Star Wars quite the same way after watching.",0.6,/50Xf9wCG3OK2xvaEnZO7ZcmlPCa.jpg,2017-05-29,Star Wars Nothing But Star Wars,False,5.0,1
4,False,,[99],533721,en,The Stories: The Making of 'Rogue One: A Star Wars Story',The Making of 'Rogue One: A Star Wars Story',4.067,/xuI27etRYWk7vP0aCUTTnIfnpC4.jpg,2017-04-04,The Stories: The Making of 'Rogue One: A Star Wars Story',False,6.6,5
5,False,,"[28, 12, 878]",890826,en,Star Wars: Revelations,"Seers once shaped the path of the Jedi Order. But their visions grew unreliable and the Jedi came to distrust those with the ability. Seers hid their visions or left the Order forever.  In the wake of the Temple's destruction a power struggle has emerged between Darth Vader, the Dark Lord of the Sith, and Zhanna, the Emperor's Hand. Each seek to eliminate the last of the Jedi and gain the Emperor's favor.  Caught between them is one woman who cannot deny the truth of her visions as all race to possess an ancient Jedi secret.",0.84,/lk1wXxCwg4MgVcBMtoEw4bh9kLi.jpg,2005-04-16,Star Wars: Revelations,False,5.0,2
6,False,,[16],102817,en,Quentin Tarantino's Star Wars,"We're all familiar with the story: a long time ago in a galaxy far, far away, on a planet called Tattooine, a boy named Luke Skywalker is adopted by the only remaining Jedi knight and helps the Rebellion destroy the Death Star after learning the ways of the force. However, what if ""Pulp Fiction"" director Quentin Tarantino had directed George Lucas' script, using Kenner action figures and stop computer animation?",0.887,,2002-06-09,Quentin Tarantino's Star Wars,False,5.3,6
7,False,,"[10751, 16]",292410,en,Star Wars: Ewoks - Tales from the Endor Woods,"Wicket remembers four memorable adventures from his youth: how he fixed up his great grandfather's battle wagon, the occasion when Latara ran away from the Ewok village to join the traveling Jindas, the time his father Deej fell terrible ill and the story of Kneesa's long lost sister, Asha.",1.844,/owuYP5om2VYb9txYsveEEtuUZ2X.jpg,1997-02-11,Star Wars: Ewoks - Tales from the Endor Woods,False,7.0,1
8,False,,"[99, 10402]",219566,en,Star Wars: Music by John Williams,BBC documentary. Witness John Williams composing the legendary score for The Empire Strikes Back and conducting the London Symphony Orchestra.,1.838,,1980-05-18,Star Wars: Music by John Williams,False,8.0,2
9,False,,[],654663,en,Robot Chicken: Star Wars Trilogy,All three of the Robot Chicken Star Wars specials (Episodes 1-3).,1.429,/pSBmtqNBOe47ImbLWcAE7a2juNL.jpg,2010-12-19,Robot Chicken: Star Wars Trilogy,True,0.0,0
10,False,,[99],507052,en,Star Wars: The Force of Sound,"Go inside the sound design of Star Wars: The Last Jedi. From the ignition of a lightsaber to the chirp of a porg, Star Wars would not be the same without the brilliant sound design and mixing created by Skywalker Sound.",1.747,/q41hKQWdZVoGx4aNd8Ul2oFeaBW.jpg,2018-02-20,Star Wars: The Force of Sound,False,8.0,2
11,False,,[],779205,en,WCCW Christmas Star Wars '87,The High Holidays bring high tension deep in the heart of Texas. Can The Von Erich's come out unscathed?,1.026,,1987-12-25,WCCW Christmas Star Wars '87,True,0.0,0
12,False,/zLB78pH7SBtP5fDh2ggzhxxgkCn.jpg,"[99, 10770]",35795,en,From 'Star Wars' to 'Jedi' : The Making of a Saga,"From Star Wars to Jedi: The Making of a Saga is a 1983 television documentary special that originally aired on PBS. It is a behind-the-scenes look at the making of the original Star Wars trilogy, with particular emphasis on the final film, Return of the Jedi. Narrated by actor Mark Hamill, the documentary was written by Richard Schickel who had written the previous television documentaries The Making of Star Wars (1977) and SP FX: The Empire Strikes Back (1980).",2.433,/aRxLGvPgkKnnumTgVA5R88Y5eok.jpg,1983-12-03,From 'Star Wars' to 'Jedi' : The Making of a Saga,False,6.9,14
13,False,/1zsTv4K3ZuDMA5YXwEUCnf9hU0p.jpg,[99],658336,en,The Galaxy Britain Built: The British Force Behind Star Wars,"Superfan David Whiteley celebrates the unsung British heroes behind the first film in the Star Wars’ franchise, 1977’s eponymously titled Star Wars.  The Star Wars saga ends with the release of The Rise of Skywalker in December 2019. This documentary celebrates where it all began. It includes previously unheard stories from the people who made one of the most successful movies of all time, with additional interviews and previously unseen behind-the-scenes footage.  The presenter, Star Wars superfan David Whiteley, who has his own connection to the original film (he was born on May the 4th), tracks down the often modest British talent who brought the galaxy to life.  David explores the contribution of the London Symphony Orchestra and meets Ann Skinner, who was in charge of continuity. As well as seeing her original stills from the set, Ann reveals how she helped Sir Alec Guinness with one of the most famous speeches in Star Wars.",3.48,/zcpiyvo70WYZmZ2DDYKz3LRe4HQ.jpg,2017-12-21,The Galaxy Britain Built: The British Force Behind Star Wars,False,10.0,1
14,False,/n5dk0NXOkQyhRWirTHXe0xRV6vJ.jpg,[99],363132,en,Star Wars Begins: A Filmumentary,"Filmmaker Jamie Benning has finally finished his trilogy of documentary-commentaries. This final chapter concentrates on the first Star Wars film. Like his two previous documentaries, Building Empire (2006) and Returning to Jedi (2007), Star Wars Begins is an unofficial look at the creation of the classic movie and features deleted scenes, alternate takes and different angles, bloopers, original on set audio recordings and a huge amount of commentary from cast and crew, culled from every corner of the galaxy.",1.201,/dVs0AahiYdy4axUnoNZ2Fl3sPxj.jpg,2011-02-02,Star Wars Begins: A Filmumentary,False,5.7,3
15,False,,"[10751, 10770]",757151,en,Star Wars Quiz,Plot unknown,0.6,,2017-11-24,Star Wars Quiz,False,0.0,0
16,False,,[],657296,en,Star Wars Dreams,"A look at the history of America's multi-billion dollar missile defence system, from  President Eisenhower to Reagan and Bush.",0.6,,2003-05-13,Star Wars Dreams,False,0.0,0
17,False,,[],729605,en,Star Wars: Rise of Skywalker Documentary,Documentaries including:  The Skywalker Legacy  Pasaana Pursuit: Creating the Speeder Chase  Aliens in the Desert  D-O: Key to the Past  Warwick & Son  Cast of Creatures  Digital Exclusive: The Maestro’s Finale,1.506,/mok6E7OTshtOCg3a04aHENVmEii.jpg,2019-03-17,Star Wars: Rise of Skywalker Documentary,False,6.0,1
18,False,/wz6ifU1weVkK2whJWzm2pUgizhg.jpg,"[99, 10770]",485997,en,Star Wars: The Magic & the Mystery,"Host Howie Long takes viewers on a tour of the ""Star Wars"" universe, as Fox TV celebrates the re-release of the original three legendary films in this one hour special.",1.296,/8TKZNYSI62UxBxhrhDeFaiYbQki.jpg,1997-02-06,Star Wars: The Magic & the Mystery,False,0.0,0
19,False,,[],777744,en,WCCW Christmas Star Wars '81,Christmas Day bring the action and excitement of World Class Championship Wrestling comes in the form of season's beatings when the Von Erich boys ride into town.,0.826,,1981-12-25,WCCW Christmas Star Wars '81,True,0.0,0
0,False,/bYWxAEsDeTDVA52q0Y68HSQ62bl.jpg,[28],431575,en,The Rogue One: A Star Wars Toy Story,"Craving the attention of her busy father, a 7-year-old Star Wars fan disobeys him and starts a rebellion with his Star Wars toy collection that would have surprising consequences.",2.101,/cmISLMJiaE6iNJx7xLpnmfdq2UL.jpg,2016-12-15,The Rogue One: A Star Wars Toy Story,False,6.6,16
1,False,,[],528694,en,K-1 Star Wars '96,K-1 Star Wars '96,0.6,,,K-1 Star Wars '96,False,10.0,1
2,False,,"[878, 28, 12]",761171,en,Untitled Kevin Feige Star Wars Film,An upcoming Star Wars film produced by Kathleen Kennedy and Kevin Feige.,1.295,/vcvgCoNKQzbkXfekFwx1pjg8ejM.jpg,,Untitled Kevin Feige Star Wars Film,False,0.0,0
3,False,,[],778832,en,WCCW Christmas Star Wars '85,Witness a brutal battle when The Von Erichs clash with The Freebirds,0.726,,1985-12-25,WCCW Christmas Star Wars '85,True,0.0,0
4,False,,[99],412561,en,The Secret of Star Wars,"Dev explores what makes Star Wars one of the most loved, successful and hyped franchises of all time, and interviews new stars John Boyega, Daisy Ridley and director J.J. Abrams.  What is the secret of Star Wars? For nearly 40 years it has broken box office records, inspired devotion among millions of fans worldwide, and created unprecedented levels of hype in the lead-up to each new film. What is the reason for the franchise’s appeal, even among young people who may never have seen one of the previous six films?",0.943,/7xSt0PMwWaiML0zP9tKqueh96DA.jpg,2015-12-11,The Secret of Star Wars,True,1.0,2
5,False,,"[878, 28, 12]",700330,en,Untitled Taika Waititi Star Wars Film,"Academy Award winner Taika Waititi, who recently won Best Adapted Screenplay for Jojo Rabbit and directed the widely-acclaimed first season finale episode of The Mandalorian on Disney+, will direct and co-write a new Star Wars feature film for theatrical release. Joining Waititi on the screenplay will be Academy Award nominee Krysty Wilson-Cairns (1917, Last Night in Soho), who received a BAFTA Award for Outstanding British Film of the Year on the three-time Oscar-winning film, 1917. A release date for the project has not yet been announced. Plot unknown.",1.257,,,Untitled Taika Waititi Star Wars Film,False,0.0,0
6,False,,"[878, 28, 12]",486215,en,Untitled Star Wars Trilogy: Episode I,"The first in a trilogy of films, separate from the episodic Skywalker Saga.",1.248,,,Untitled Star Wars Trilogy: Episode I,False,0.0,0
7,False,,[99],376798,en,Star Wars: Evolution of the Lightsaber Duel,"Though lightsabers have been a force in the Star Wars galaxy since George Lucas’ original film, the weapon’s on-screen presence evolved throughout both cinematic trilogies and into Star Wars: The Force Awakens. SportsCenter is tracing the lightsaber’s lineage through the films, and a new trailer for the special will definitely delight any fan’s inner Star Wars Kid.",1.289,/5HkFKwZW86JTco4t5316leKZ12Z.jpg,2015-12-15,Star Wars: Evolution of the Lightsaber Duel,False,4.5,7
8,False,,"[99, 10770]",659114,en,The Mythology of Star Wars,George Lucas discusses how Joseph Campbell and his concept of the Monomyth (aka the Hero's Journey) and other concepts from mythology and religion shaped the Star Wars saga.,0.928,/5WuskhEgSVev8p3ronVRFA2d4ux.jpg,2000-09-01,The Mythology of Star Wars,False,0.0,0
9,False,,[35],405572,en,Star Wars Directed by Ken Loach,Trailer for Ken Loach's new sci fi movie set in Northern England. (Sort of.) A parody by Haiste and Lawrence.  First Prize ShortCom 2016 jury select winner.,0.6,,2015-08-21,Ken Loach's Star Wars,False,0.0,0
10,False,,[99],515580,en,How Star Wars Was Saved in the Edit,"Joey Scoma demonstrates how Star Wars (1977), a potential disaster in its rough cut, was saved in the editing.",1.83,/7nCnXxIqwETBDqpThq8ii3naKCC.jpg,2017-12-07,How Star Wars Was Saved in the Edit,False,7.0,2
11,False,,[35],351651,en,The Untitled Star Wars Mockumentary,Damon Packard parodies the making of Star Wars: Attack of the Clones.,0.907,,2003-06-25,The Untitled Star Wars Mockumentary,False,5.0,1
12,False,,[],482287,en,The Stars of Star Wars,Interviews with the cast of all the Star Wars films and inside info on the films.,0.878,/pOIccovMDv11T7GAVR0C0d3vi7G.jpg,1999-10-20,The Stars of Star Wars,True,5.0,1
13,False,,"[878, 28, 12]",486217,en,Untitled Star Wars Trilogy: Episode III,"The third in a trilogy of films, separate from the episodic Skywalker Saga.",1.176,,,Untitled Star Wars Trilogy: Episode III,False,0.0,0
14,False,,[],811318,en,WCCW Thanksgiving Star Wars,Kerry Von Erich and Michael Hayes clash in a steel cage in a loser leaves town match.,0.6,,1983-11-24,WCCW Thanksgiving Star Wars,True,0.0,0
15,False,,[878],839036,en,Death Sticks: A Star Wars Story,This film takes place shortly after the events of The Phantom Menace and follows Anakin Skywalker on his journey to become a Jedi Knight.,1.102,/A5nyzE3TplDkNH0r0az9KhXYecR.jpg,2017-11-30,Kid Anakin Movie,True,0.0,0
16,False,,[],778612,en,WCCW Christmas Star Wars '84,"Kerry Von Erich seeks revenge and The NWA World's Heavyweight Championship from ""The Nature Boy"" Ric Flair.",0.6,,1984-12-25,WCCW Christmas Star Wars '84,True,0.0,0
17,False,,[],777740,en,WCCW Star Wars (February 1981),"Kerry Von Erich gets his shot at the NWA World's Heavyweight Championship. But to become a champion ""The Modern-Day Warrior"" will need to topple NWA kingpin Harley Race.",0.6,,1981-02-22,WCCW Star Wars (February 1981),True,0.0,0
18,False,,"[16, 878]",796408,en,Star Wars Rebels: Property of Ezra Bridger,"In “Property of Ezra Bridger,” a special Star Wars Rebels short, Ezra finds a downed TIE fighter on the plains of Lothal. The young rebel opens the ship’s hatch -- pretending to help the ungrateful Imperial pilot -- and leaves with a few souvenirs.",1.261,/u14Wds1CL8yYsE47H1A0TOrogxK.jpg,2014-09-01,Star Wars Rebels: Property of Ezra Bridger,False,0.0,0
19,False,,[99],721334,en,Star Wars: Episode III - Making the Game,"After you witness the stunning Jedi action in Episode III, you can experience it yourself in the Star Wars: Episode III video game. Discover how game developers at LucasArts worked closely on set and behind the scenes with George Lucas, cast and crew to create the most authentic Jedi experience ever. With the collaboration of Lucas, stunt coordinator Nick Gillard, and Hayden Christensen, Episode III is the first game that truly gives you all the powers of a Jedi Knight.",0.87,/qNT8gxk6XLM7LBzUDmTlGzc5i4S.jpg,,Star Wars: Episode III - Making the Game,False,10.0,1
0,False,/bjp1gezn4DzP8juI3ZvjN4uPlsK.jpg,"[99, 35, 9648]",638738,en,The Empire Strikes Door (A Star Wars Mystery),A thrilling comedic documentary attempting to uncover the mystery of who is responsible for one of the most infamous bloopers in cinematic history.,1.523,/mRGS7AdkSOBTGNdfD5Q5TusHtez.jpg,2019-09-25,The Empire Strikes Door (A Star Wars Mystery),False,8.0,1
1,False,,"[99, 878]",713695,en,Star Wars vs. Star Trek: The Rivalry Continues,"For years, STAR WARS fan have squared off against STAR TREK fans over which space fantasy is the better choice. As a result, both franchises have been embroiled in a continuing battle for merchandise sales, publicity and box-office receipts. The science-fiction genre has never seen anything like it and, as these fictional universes continue to expand, the competition seems to be never ending. Star Wars vs. Star Trek: The Rivalry Continues compares the space opera worlds of George Lucas and Gene Roddenberry for a one-of-a-kind intergalactic documentary.",1.237,/3QjqzSGuH10u2vfvzuvX7e2xQ8L.jpg,2002-01-01,Star Wars vs. Star Trek: The Rivalry Continues,False,0.0,0
2,False,,"[878, 28, 12]",486216,en,Untitled Star Wars Trilogy: Episode II,"The second in a trilogy of films, separate from the episodic Skywalker Saga.",0.921,,,Untitled Star Wars Trilogy: Episode II,False,0.0,0
3,False,,[],700448,en,Star Wars: The Clone Wars - The Nightsisters Trilogy,"A home video compilation film of the Star Wars: The Clone Wars episodes ""Nightsisters,"" ""Monster,"" and ""Witches of the Mist,"" cut together. Originally shown at select screenings in 2010 (mainly at conventions), and it was published as an iTunes digital download on December 5, 2011.",1.209,/oWSdEKsNIJTxGjs6OIebsRLjJrX.jpg,2011-12-05,Star Wars: The Clone Wars - The Nightsisters Trilogy,True,9.3,3
4,False,,[],426860,en,Pro Wrestling USA: Star Wars 1985,"February 24, 1985 in East Rutherford, NJ",0.881,,,Pro Wrestling USA: Star Wars 1985,False,10.0,1
5,False,,[99],485994,en,The Force Is with Them: The Legacy of Star Wars,"The Force Is with Them: The Legacy of Star Wars is a Video Documentary included in the 2004 DVD of the Star Wars Original Trilogy. It explained the impact of ""Star Wars"" on various directors and actors.",1.522,/59NPEeoYphSnAhgQvf31PWgaK1D.jpg,2004-09-21,The Force Is with Them: The Legacy of Star Wars,True,6.5,2
6,False,,[],778592,en,WCCW Star Wars (June 1983),Kevin Von Erich tangles with NWA World's Heavyweight Champion Harley Race with the 'Ten Pounds of Gold' up for grabs!,0.6,,1983-06-17,WCCW Star Wars (June 1983),True,0.0,0
7,False,,"[878, 28]",896393,en,Star Wars: The Old Republic,A Star Wars film set during the era of The Old Republic.,0.6,,,Star Wars: The Old Republic,False,0.0,0
8,False,,"[878, 28]",896396,en,Star Wars: The High Republic,A Star Wars film set during the era of The High Republic.,0.6,,,Star Wars: The High Republic,False,0.0,0
9,False,,[878],368729,es,Star Wars: The Holo Xperience,"The Rebels come into the forest on the planet Endor. A soldier stays behind to guard the ship, but soon a pair of Imperial Scout Troopers arrive to investigate, and the mission is in danger of being discovered.",0.6,,2013-10-24,Star Wars: The Holo Xperience,False,0.0,0
10,False,,[],778215,en,WCCW Star Wars (August 1982),It's Kerry Von Erich vs. Ric Flair with the NWA World's Heavyweight Championship on the line in a grueling best 2 of 3 falls contest!,0.6,,1982-08-15,WCCW Star Wars (August 1982),True,0.0,0
11,False,,[99],701034,fr,Star Wars : La Révolution Visuelle,,0.6,,2020-05-04,Star Wars : La Révolution Visuelle,True,3.0,1
12,False,,[],778961,en,WCCW Labor Day Star Wars '86,It's Roode vs. Adams with all the gold on the line in The Lone Star State,0.6,,1986-09-01,WCCW Labor Day Star Wars '86,True,0.0,0
13,False,,[99],294822,en,Hollywood Rivals: Star Wars vs. Star Trek,"Star Wars vs. Star Trek. George Lucas, Liam Neeson, Samuel L. Jackson, Natalie Portman, Mark Hamill, Carrie Fisher and Harrison Ford share insights and the special effects creator compares the worlds of Star Trek and Star Wars.",0.827,/tEacV6cPxe9nznaMkoZp3A6rAUQ.jpg,2001-10-19,Hollywood Rivals: Star Wars vs. Star Trek,False,7.5,1
14,False,,[],777791,en,Lego Star Wars: Battle of Sebiris,"General Obi-Wan Kenobi has found himself in trouble with the separatist army and has only just escaped with very few troops remaining. Separatist leader General Grievous has been working closely with Darth Sidious on a new weapon that they plan to unleash to the republic. This weapon has been constructed without the republic knowing about it, on the hot and forest planet Sebiris located on the outer rim. Commander Cody has recently been assigned to lead a small group of clone troopers in discovering and disarming this new weapons facility before it wipes out the republic....",0.706,/aIhCVBUDEbJONtkjat2j0EzhKNv.jpg,2016-10-12,Lego Star Wars: Battle of Sebiris,False,6.0,2
15,False,,[878],690208,en,Star Wars: Path of the Jedi,"Star Wars: Path of the Jedi is a 10-minute montage of memorable moments from all seven of the Star Wars movies. Rather than try to recap the plot of the first six films, Path of the Jedi takes iconic images and dialogue from the saga and stitches them together thematically instead of chronologically.",0.6,,2015-11-16,Star Wars: Path of the Jedi,False,0.0,0
16,False,,[99],372909,en,How Star Wars Changed the World,"Documentary taking a warm and celebratory look at the countless ways the Star Wars universe has inspired fans all over the globe. Whether it be adhering to the scriptures of Jedi, perfecting one's light-saber skills, designing a Wookie costume, or making a self-financed fan film, this show revels in the bright side of the Force.",0.6,,2015-12-11,How Star Wars Changed the World,False,5.5,2
17,False,,[],359414,en,Lego Star Wars: The Complete Brick Saga So Far,"LEGO Star Wars is a series of TV Movies telling stories from the Star Wars universe using the distinctive characters from the world of LEGO and the animation style of the LEGO Star Wars computer games. Starting in 2005; the first film ""Revenge of the Brick"" was created to coincide with the theatrical release of Revenge of the Sith.",0.824,,2011-09-01,Lego Star Wars: The Complete Brick Saga So Far,True,6.3,4
18,False,,[],774692,en,LEGO Star Wars: The Han Solo Affair,"From between the scenes of The Empire Strikes Back, it's the Han Solo Affair!  Han Solo's friends hatch a plan to rescue him from the clutches of Darth Vader and Boba Fett.  Will they succeed? Find out in this wacky Star Wars adventure!",0.6,/dxubj4jsBjFYJaraP2njHzEyboQ.jpg,,LEGO Star Wars: The Han Solo Affair,False,5.5,3
19,False,/xsDBlX7V2gNAbs5ksD8h0h2PO92.jpg,[10402],509770,en,The Star Wars Suite – The Danish National Symphony Orchestra,"On June 2017,  the Danish Broadcasting Corporation (DR) hosted three orchestral concerts called Galaxymphony which included some of the soundtrack from various space and sci-fi movies. This is their version of some of the Star Wars soundtrack across all seven movies.  The concert was hosted by Jakob Stegelmann and conducted by Antony Hermus. The performance was orchestrated by The Danish National Symphony Orchestra with help from the 'Camerata' and 'Hymnia' choirs. As told in the video, the host, Jakob Stegelmann, is very passionate about the Star Wars films and therefore evidently the main event of the concert. Therefore, I have shared this extra long video (what a horror it was to render) for you to enjoy.",0.6,/xtDalKKBuJ9X8kG1WpKe7RfH10U.jpg,2007-06-01,The Star Wars Suite – The Danish National Symphony Orchestra,False,0.0,0
0,False,/eQCaAnFJW4Q0wlTI5fxExsFnLnR.jpg,"[878, 28]",858174,en,A Blaster In The Right Hands: A Star Wars Story,"Two bounty hunters - a ruthless Pantoran and Twi’lek refugee, cross paths while attempting to obtain a valuable cargo from a crashed imperial shuttle. But they soon discover they’re not the only hired gun around.  Filmed in Picton NSW, Australia, A Blaster In The Right Hands: A Star Wars Story is a fan-film and a homage to classic Spaghetti Westerns and 'Star Wars'. Produced by LUNACRAFT PRODUCTIONS from director Richard de Carvalho and Producer Carol Jovicic, amongst their talented and passionate team of artists, featuring make-up FX prosthetics by ODD STUDIO (Mad Max: Fury Road, Alien: Covenant) with post-production completed at Sydney's POW WOW STUDIOS (Mad Max: Fury Road, Gods Of Egypt).  'A Blaster in The Right Hands: A Star Wars Story' is a non-profit unofficial fan-film that is not intended for commercial use produced by Lunacraft Productions. 'Star Wars' is owned by Lucasfilm/Disney and this fan-film is not connected in any way to said companies.",0.737,/A9XYrXeLM12qtP7OVBjHi9zOwIn.jpg,2021-05-31,A Blaster In The Right Hands: A Star Wars Story,False,6.0,1
1,False,/w1nyNG8xEDMeJrqELerYySF2KaX.jpg,[99],656161,en,Toy Empire: The British Force Behind Star Wars Toys,Superfan David Whiteley celebrates how an unassuming band of designers and factory workers in Leicestershire created the toys which were to define a generation.,0.6,/nOC6Dzrqy1GkrAPSt1tWkdyVPoT.jpg,2019-12-16,Toy Empire: The British Force Behind Star Wars Toys,False,0.0,0
2,False,/dUkCHy02dtFWQwyCKQKlf1sRm0D.jpg,"[16, 12, 10751, 14, 878]",161704,ja,映画ドラえもん のび太の宇宙小戦争,"Papi, the tiny president of a faraway planet, escapes to Earth to avoid being captured by the military forces that took over. Despite being welcomed by Doraemon, Nobita and their friends, the little alien notices that his enemies have also reached this world and doesn't want to get his human friends involved in this war. Doraemon, Nobita, Gian, Suneo, and Shizuka start a big adventure as they try to hide and protect Papi.",7.595,/oLXqorJ3CtXkR90wCBkg4WnITL3.jpg,1985-03-16,Doraemon: Nobita's Little Star Wars,False,6.4,9
3,False,/dMZxEdrWIzUmUoOz2zvmFuutbj7.jpg,"[12, 28, 878]",1891,en,The Empire Strikes Back,"The epic saga continues as Luke Skywalker, in hopes of defeating the evil Galactic Empire, learns the ways of the Jedi from aging master Yoda. But Darth Vader is more determined than ever to capture Luke. Meanwhile, rebel leader Princess Leia, cocky Han Solo, Chewbacca, and droids C-3PO and R2-D2 are thrown into various stages of capture, betrayal and despair.",31.361,/7BuH8itoSrLExs2YZSsM01Qk2no.jpg,1980-05-20,The Empire Strikes Back,False,8.4,13685
4,False,,[],782054,ja,映画ドラえもん のび太の宇宙小戦争（リトルスターウォーズ） 2021,No overview found.,6.972,/doGprrKxeGvmEk4N0mr5VH60E64.jpg,2021-03-05,Doraemon the Movie 2021: Nobita's Space War (Little Star Wars),False,0.0,0
5,False,/iP2tEA2A77qhbhRfcFkiD6WFOqH.jpg,"[12, 28, 878]",1892,en,Return of the Jedi,"Luke Skywalker leads a mission to rescue his friend Han Solo from the clutches of Jabba the Hutt, while the Emperor seeks to destroy the Rebellion once and for all with a second dreaded Death Star.",26.423,/mDCBQNhR6R0PVFucJl0O4Hp5klZ.jpg,1983-05-25,Return of the Jedi,False,7.9,12215
6,False,/xdH8k2O6mpLv4szeLkQGiM1aSOC.jpg,"[12, 10751, 10770]",10372,en,Ewoks: The Battle for Endor,"The army of the Marauders, led by King Terak and the witch Charal, attack the Ewoks village, killing Cindel's family. Cindel and the Ewok Wicket escape and meet Teek in the forest, a naughty and very fast animal. Teek takes them to a house in which an old man, Noa, lives. Like Cindel, he also crashed with his Starcruiser on Endor. Together they fight Terak and Charal.",13.754,/6N00SZ7npCyxpBFoVDyU1P8DGYQ.jpg,1985-11-24,Ewoks: The Battle for Endor,False,5.4,177
7,False,/uBCTm4BQJdEbq73HotAEZn2foTZ.jpg,"[12, 10751, 14, 878, 10770]",1884,en,The Ewok Adventure,"The Towani family civilian shuttlecraft crashes on the forest moon of Endor. The four Towani's are separated. Jermitt and Catarine, the mother and father are captured by the giant Gorax, and Mace and Cindel, the son and daughter, are missing when they are captured. The next day, the Ewok Deej is looking for his two sons when they find Cindel all alone in the shuttle (Mace and Cindel were looking for the transmitter to send a distress call), when Mace appears with his emergency blaster. Eventually, the four-year old Cindel is able to convince the teenage Mace that the Ewoks are nice. Then, the Ewoks and the Towani's go on an adventure to find the elder Towanis.",11.3,/oZoQCLaZY905eulBdnvrPalv65T.jpg,1984-11-25,The Ewok Adventure,False,6.0,229
8,False,,[99],407001,en,Star Warriors,"Some Star Wars fans want to collect action figures... these fans want to be action figures! A tribute to the 501st Legion, a global organization of Star Wars costume enthusiasts, this insightful documentary shows how the super-fan club promotes interest in the films through charity and volunteer work at fundraisers and high-profile special events around the world.",3.849,/64cqANu2XUWnqv9f4CaKHbMazD4.jpg,2007-01-01,Star Warriors,False,5.8,3
9,False,/kdYMNlpycbN1XoZMPzwRIr0BavH.jpg,"[878, 28]",131477,it,Dark Resurrection Volume 0,"Master Sorran is obsessed by his search for an ancient civilization which, according to legend, holds the secret of immortality. After many years he lights upon the wreck of the civilisation's most powerful starship: the Resurrection. Sorran ignores the dangers and orders his crew to dock. The explorers and Sorran himself will face the mysteries of the Resurrection and the secret of the origins of the dark side.",2.127,/ujrDzT9DYRjUUaTh71KbN6L7XBo.jpg,2011-09-08,Dark Resurrection Volume 0,False,6.0,8
10,False,,"[878, 28, 12]",760798,en,Rogue Squadron,"An upcoming Star Wars film directed by Patty Jenkins, which will introduce a new generation of starfighter pilots as they earn their wings and risk their lives in a boundary-pushing, high-speed thrill-ride.",1.572,/whQ1EU38S0CsV6lPDqJgA2L3uA.jpg,,Rogue Squadron,False,0.0,0
11,False,/e00Ptx0nyfKjXallrNMVdzTLPDY.jpg,[99],65083,en,The Beginning: Making 'Episode I',"The entire process of making Star Wars: Episode I - The Phantom Menace (1999) is shown here in this documentary. From pre-production through post-production, we get to see visual effects meetings, John Williams' music sessions, and even the storm that wiped out the pod-racers & props.",3.763,/rW9HI8iL50RjmQIgyZvlfor5K4Y.jpg,2001-02-01,The Beginning: Making 'Episode I',False,7.3,19
12,False,/vMqmtmCtdLmPE43EiLk0I7wGSQV.jpg,"[12, 35, 10751, 878]",42209,pt,Os Trapalhões na Guerra dos Planetas,"Coming from outer space, Prince Flick asks the Trapalhões to help him free his planet from the domain of evil Zuco and free Princess Myrna, who has been taken prisoner. He offers a reward, the four friends accept the mission and embark in a spaceship driven by a hairy monster called Bonzo. Once on the planet, they they defeat Zuco, but they fail to save Princess Myrna's life. Her place on the throne is then taken by Loya, the girlfriend Didi met on that planet. Back on Earth, os Trapalhões think their adventure was but a dream, but they are convinced otherwise when they find their reward.",3.913,/91JvtJlDKz7PPqpaIKuMuus1hbf.jpg,1978-03-26,The Bunglers in the Planet Wars,False,4.6,29
13,False,/yMXP2ZXgfqnFxDg5y1Pb5xohLRE.jpg,"[28, 53, 878]",24551,it,Dark Resurrection,"An ancient prophesy convinces the powerful Master Sorran to commence an obsessive search for Eron, a mythical place capable of giving the Chosen One infinite knowledge.",1.941,/voyuEfN4KRUF5s7pX3b1AK6Qmfc.jpg,2007-06-07,Dark Resurrection,False,5.6,16
14,False,/sBrPd8pn50z8FDhfEAMBykTEdQO.jpg,[99],443412,en,Ralph McQuarrie: Tribute to a Master,"Ralph McQuarrie, concept artist of the original Star Wars trilogy, was essential in bringing the characters, ships, and locales of a galaxy far, far away to life. In this special retrospective, Star Wars creator George Lucas, Industrial Light & Magic effects legend Dennis Muren, and many others discuss the impact of McQuarrie, his artistic gifts, and his legacy.",1.783,/msQwsqpfiJ1JL9x2poqUgYJvcOS.jpg,2014-03-05,Ralph McQuarrie: Tribute to a Master,False,9.3,2
15,False,/qTdmcJmO9W9y92r1FGcCHulM1Bq.jpg,"[16, 878, 12, 10751]",806789,en,The Story of the Faithful Wookiee,"Originally apart of The Star Wars Holiday Special, this animated story follows Chewbacca as he searches for a cure to the virus which knocked out his friends, with the help of an unlikely ally – the bounty hunter Boba Fett.",1.739,/dtoQTi3OOtj1NrcorjnzYWnjfLP.jpg,1978-11-17,The Story of the Faithful Wookiee,False,9.0,2
16,False,,[],760506,en,The Dark Redemption,"Set two days before the events of Episode IV, Jedi Mara Jade has received a copy of the Death Star plans, which she must somehow get to the rebel forces. Unfortunately, she is being held prisoner by the Empire, and only two rebel soldiers, Zev and Klaus, can save her. As if breaking into an Imperial prison and getting the plans wasn't hard enough, bounty hunter Boba Fett is also in the neighborhood to complicate matters.",0.662,/80BgKPKXOsGAd9xvOEKMlfbl3J9.jpg,1999-03-05,The Dark Redemption,False,5.0,1
17,False,/AkuDVdvopWHr2Vw3IBmfhlPk8Bx.jpg,[99],110354,en,Side by Side,"Since the invention of cinema, the standard format for recording moving images has been film. Over the past two decades, a new form of digital filmmaking has emerged, creating a groundbreaking evolution in the medium. Keanu Reeves explores the development of cinema and the impact of digital filmmaking via in-depth interviews with Hollywood masters, such as James Cameron, David Fincher, David Lynch, Christopher Nolan, Martin Scorsese, George Lucas, Steven Soderbergh, and many more.",9.154,/qeeQ7rfTAXNYh4EqqdolFLkNwKM.jpg,2012-08-19,Side by Side,False,7.3,235
18,False,,"[35, 878]",31279,tr,Dünyayı Kurtaran Adam'ın Oğlu,"The year is 2055, and the universe is in a state of turmoil, awaiting the formation of a government that can establish universal peace. Until such a time, the Orion Union stands in its stead, an uneasy alliance made up not of planets, but of their individual states, overlorded by unruly gangs, short-sighted tyrants and hissing, domineering queens. In short, chaos reigns.",2.257,/zdisSUrAWY2M01svivJDV048cD1.jpg,2006-12-14,Turks in Space,False,2.1,34
19,False,/vys9PaP6EtjAXEKwGtpVXmeklps.jpg,"[878, 28, 12, 14]",20787,tr,Dünyayı Kurtaran Adam,"The film follows the adventures of Murat (Arkın) and Ali (Akkaya), whose spaceships crash on a desert planet following a battle, shown by using footage from Star Wars as well as Soviet and American space program newsreel clips. While hiking across the desert, they speculate that the planet is inhabited only by women. Murat does his ""wolf whistle"", which he uses on attractive women. However, he blows the wrong whistle and they are attacked by skeletons on horseback, which they defeat in hand-to-hand combat. The main villain soon shows up and captures the heroes, bringing them to his gladiatorial arena so they can fight. The villain tells them he is actually from Earth and is a 1,000 year old wizard. He tried to defeat Earth, but was always repelled by a shield of concentrated human brain molecules, which looks like the Death Star from Star Wars. The only way he can bypass this impenetrable defense is to use a human brain against it.",5.452,/tQXDiysqRTaSIGs8nijnCepUjcX.jpg,1982-11-04,The Man Who Saved the World,False,5.0,63
